Paragraph,Summary
"The global rise in temperatures has caused significant melting of polar ice caps, leading to increased sea levels and affecting coastal cities. Many regions face severe flooding and loss of biodiversity.","Global warming has resulted in ice cap melting, rising sea levels, and the threat of flooding in coastal areas."
"Artificial Intelligence is revolutionizing healthcare by enabling early disease detection through predictive analytics and AI-powered diagnostic tools, improving patient outcomes and reducing costs.",AI is transforming healthcare by enabling early diagnosis and cost-effective treatments through predictive tools.
"Remote education became a lifeline during the COVID-19 pandemic, allowing students to continue learning while staying at home. However, access to technology remains a barrier for many disadvantaged groups.",Online learning during the pandemic helped maintain education but revealed inequalities in access to technology.
"Advances in renewable energy, particularly in solar and wind power, are providing sustainable alternatives to fossil fuels, helping to combat climate change and reduce greenhouse gas emissions.",Renewable energy technologies like solar and wind are reducing reliance on fossil fuels and curbing greenhouse gases.
"Quantum computers, though still in their infancy, hold the potential to solve complex problems far beyond the capability of traditional computers, revolutionizing fields like cryptography and materials science.","Quantum computing promises to solve problems beyond classical computers' capabilities, with wide applications ahead."
"The rise of social media platforms has dramatically changed how people communicate, creating new opportunities for self-expression but also challenges related to misinformation and data privacy.","Social media has reshaped communication, offering self-expression but raising concerns about misinformation and privacy."
"In many developing countries, rapid urbanization has led to strained infrastructure, inadequate housing, and an increase in slum populations, posing significant challenges for city planners.","Rapid urbanization in developing nations is creating infrastructure, housing, and slum-related issues."
"The global spread of smartphones has improved access to the internet, transforming industries such as banking and retail, but also raising concerns about digital addiction and data security.","Smartphones have enhanced internet access, boosting industries but creating issues like addiction and security risks."
"A balanced diet rich in fruits, vegetables, and whole grains can significantly reduce the risk of chronic diseases such as heart disease, diabetes, and obesity.",Consuming a diet high in fruits and vegetables lowers the risk of chronic health issues like heart disease.
"Blockchain technology is gaining popularity beyond cryptocurrencies, with applications in supply chain management, digital identity, and smart contracts, offering transparency and security.",Blockchain is expanding beyond crypto to applications like supply chain management and smart contracts.
"Advances in electric vehicle technology are driving the shift towards cleaner transportation, reducing reliance on fossil fuels and cutting emissions.","Electric vehicles are advancing, leading to cleaner transportation and lower emissions."
"The rise of remote work has transformed traditional office environments, increasing flexibility but also posing challenges for work-life balance and team collaboration.","Remote work has changed office dynamics, enhancing flexibility but challenging work-life balance and teamwork."
"Gene editing technologies, such as CRISPR, are enabling scientists to modify DNA with unprecedented precision, offering potential cures for genetic diseases.","CRISPR and other gene editing tools offer precise DNA modification, potentially curing genetic diseases."
"The growth of e-commerce has revolutionized retail, providing consumers with convenience and access to a wide range of products, but also affecting brick-and-mortar stores.","E-commerce offers convenience and variety, impacting traditional retail stores."
"The increasing prevalence of cyberattacks is a major concern for businesses and individuals, necessitating robust cybersecurity measures to protect sensitive information.","Cyberattacks are rising, requiring strong cybersecurity to safeguard data."
"Renewable resources, such as wind and solar energy, are becoming more cost-effective, driving a shift away from non-renewable energy sources.","Wind and solar energy are becoming cheaper, promoting a move from non-renewable sources."
"The integration of AI in financial services is enhancing fraud detection, automating trading, and improving customer service, but raises ethical and security concerns.",AI in finance improves fraud detection and customer service but raises ethical issues.
"Urban green spaces are crucial for improving city life by providing recreational areas, reducing air pollution, and supporting biodiversity.",Green spaces in cities enhance life quality by reducing pollution and supporting biodiversity.
"The expansion of high-speed internet access in rural areas is bridging the digital divide, offering new opportunities for education, business, and communication.","High-speed internet in rural areas bridges the digital divide, enabling better education and business opportunities."
Advances in space exploration technology are pushing the boundaries of human knowledge and opening up possibilities for future space colonization.,Space exploration tech is expanding human knowledge and future colonization possibilities.
The development of 5G technology is expected to revolutionize connectivity by providing faster internet speeds and supporting a growing number of connected devices.,5G technology will enhance connectivity with faster speeds and more devices.
"The rise of personalized medicine, driven by genetic information, is enabling more tailored and effective treatments for individuals.","Personalized medicine uses genetics for more effective, tailored treatments."
The proliferation of smart home devices is increasing convenience and energy efficiency but also raises concerns about privacy and security.,Smart home devices offer convenience and efficiency but pose privacy and security concerns.
"Advances in battery technology are improving the performance and range of electric vehicles, making them more viable for widespread adoption.",Better battery technology enhances electric vehicle performance and range.
"The growing emphasis on sustainability in agriculture is leading to practices that conserve resources, improve soil health, and reduce environmental impact.",Sustainable agriculture practices conserve resources and reduce environmental impact.
"The integration of augmented reality (AR) in education is providing interactive learning experiences, enhancing engagement and understanding of complex subjects.","AR in education offers interactive experiences, improving engagement and understanding."
"The rise of telemedicine is increasing access to healthcare services, especially in remote areas, but also challenges traditional healthcare delivery models.",Telemedicine expands healthcare access but challenges traditional delivery models.
"The growing trend of digital nomadism is changing work patterns, allowing people to work remotely from various locations worldwide.","Digital nomadism changes work patterns, enabling remote work from diverse locations."
"Advances in robotics are transforming industries such as manufacturing and healthcare, increasing efficiency and precision but also raising questions about job displacement.",Robotics enhance efficiency in manufacturing and healthcare but raise job displacement concerns.
The increasing adoption of cloud computing is enabling businesses to scale operations and improve collaboration while managing data security and privacy concerns.,Cloud computing helps businesses scale and collaborate but raises data security issues.
"The use of renewable energy in residential buildings is growing, reducing dependence on fossil fuels and lowering utility costs for homeowners.",Residential renewable energy reduces fossil fuel use and lowers utility costs.
"The rise of blockchain in various sectors is enhancing transparency and security in transactions, but also presents challenges in terms of scalability and regulation.",Blockchain improves transaction transparency and security but faces scalability and regulation challenges.
"The development of advanced materials, such as graphene, is opening new possibilities for innovations in electronics, energy storage, and manufacturing.",Advanced materials like graphene are paving the way for innovations in various fields.
"The increased focus on mental health is leading to better support systems and awareness, but stigma and access to care remain significant issues.","Enhanced mental health focus improves support and awareness, though stigma and access issues persist."
"The growth of the gig economy is reshaping the workforce, offering flexible job opportunities but also raising concerns about job security and benefits.",The gig economy offers flexibility but raises job security and benefits concerns.
"The expansion of smart cities is integrating technology to improve urban living, but also presents challenges in data privacy and infrastructure.","Smart cities use technology to enhance urban living, with privacy and infrastructure challenges."
"Advances in artificial intelligence are driving innovation across various fields, including finance, healthcare, and transportation, but also pose ethical dilemmas.",AI drives innovation but poses ethical dilemmas across many sectors.
"The rise of digital currencies is disrupting traditional financial systems, offering new ways of transaction but raising regulatory and security issues.","Digital currencies disrupt financial systems, offering new transaction methods but raising regulatory issues."
"The growth of online gaming is creating new entertainment opportunities and communities, but also raises concerns about addiction and online safety.",Online gaming provides new entertainment but raises addiction and safety concerns.
"The increasing use of big data analytics is enabling more informed decision-making in various industries, though it raises issues related to data privacy and security.",Big data analytics improves decision-making but raises privacy and security issue
"The adoption of electric bikes and scooters is growing, offering a more sustainable transportation option while also raising concerns about safety and infrastructure.",Electric bikes and scooters provide sustainable transport but raise safety and infrastructure concerns.
"Advances in nanotechnology are enabling new medical treatments and diagnostics, with the potential to revolutionize healthcare but also posing ethical and safety challenges.",Nanotechnology offers revolutionary medical treatments but poses ethical and safety challenges.
"The increasing prevalence of smartwatches is enhancing health monitoring and connectivity, though concerns about privacy and data security remain.",Smartwatches improve health monitoring and connectivity but raise privacy concerns.
"The expansion of virtual reality (VR) technology is transforming entertainment and training sectors, providing immersive experiences but requiring significant investment.",VR transforms entertainment and training with immersive experiences but needs substantial investment.
"The rise of plant-based diets is contributing to environmental sustainability and health benefits, yet faces challenges in terms of accessibility and acceptance.",Plant-based diets support sustainability and health but face accessibility and acceptance challenges.
"The growing use of 3D printing technology is revolutionizing manufacturing and prototyping, offering customization but also presenting regulatory and quality control issues.",3D printing enables customization in manufacturing but raises regulatory and quality issues.
"The increasing focus on cybersecurity is essential for protecting digital assets from threats, but also requires constant updates and vigilance.",Cybersecurity is crucial for protecting digital assets but needs constant updates.
"The rise of subscription-based models is changing consumer behavior and business revenue streams, offering convenience but also leading to market saturation.",Subscription models alter consumer behavior and revenue streams but may cause market saturation.
"The development of autonomous vehicles is advancing rapidly, promising safer and more efficient transportation but facing challenges in regulation and public acceptance.",Autonomous vehicles promise safer transport but face regulatory and acceptance challenges.
"The increasing importance of data analytics in business decision-making is enhancing efficiency and insight, though it raises concerns about data management and privacy.",Data analytics improves business efficiency and insight but raises data management and privacy concerns.
"The growth of renewable energy storage solutions is addressing the intermittency issues of solar and wind power, though scalability and cost remain challenges.",Renewable energy storage addresses intermittency but faces scalability and cost issues.
"The rise of digital health platforms is enabling remote monitoring and management of health conditions, improving access to care but raising concerns about data security.",Digital health platforms enhance remote care but raise data security concerns.
"Advances in biotechnology are providing new opportunities for agricultural innovation and sustainability, with potential benefits and risks for ecosystems.",Biotechnology offers agricultural innovation but poses ecosystem risks.
"The shift towards remote and hybrid work models is altering corporate culture and work environments, offering flexibility but creating challenges in team cohesion.",Remote and hybrid work models offer flexibility but challenge team cohesion.
"The proliferation of streaming services is changing how media is consumed, providing on-demand content but also affecting traditional media outlets.",Streaming services change media consumption but impact traditional outlets.
"The integration of AI in customer service is improving efficiency and personalization, but also raises concerns about human job displacement and algorithmic bias.",AI in customer service improves efficiency but raises job displacement and bias concerns.
"The rise of smart agriculture technologies is enhancing crop management and resource use, though adoption varies and environmental impacts need assessment.",Smart agriculture improves crop management but varies in adoption and requires impact assessment.
The development of advanced facial recognition technology is improving security and personalization but also raises ethical and privacy concerns.,Facial recognition technology enhances security but raises ethical and privacy concerns.
"The increasing use of drones for various applications, including delivery and surveillance, is offering new capabilities but facing regulatory and privacy issues.",Drones offer new capabilities but face regulatory and privacy issues.
"The emphasis on corporate social responsibility (CSR) is driving companies to address environmental and social issues, though the effectiveness and sincerity of CSR initiatives can vary.",CSR drives companies to tackle social and environmental issues but varies in effectiveness and sincerity.
